Ticket Type,,,
Email,,,
Total,11107,,
TRUE,5641,50.78779148,
FALSE,5466,49.21220852,
,11107,,
Web Form,,,
Total,11199,,
TRUE,5765,51.47781052,
FALSE,5434,48.52218948,
,,,
Live Chat,,,
Total,3256,,
TRUE,2157,66.24692875,
FALSE,1099,33.75307125,
,3256,,
,,,
,,,
,,,
,,,
Live chat!,,,
